"ID","PARENTID"
"00PJ0000000EnMJMA0","a03J00000005QWeIAM"
"00PJ0000000EnUrMAK","a06J0000000I2hKIAS"
"00PJ0000000EnUwMAK","a06J0000000I2hKIAS"
"00PJ0000000EnV1MAK","a06J0000000I2hKIAS"
"00PJ0000000EnWJMA0","a06J0000000I2fyIAC"
"00PJ0000000EnWKMA0","a06J0000000I2fzIAC"
"00PJ0000000EnWLMA0","a06J0000000I2g0IAC"
"00PJ0000000EnWMMA0","a06J0000000I2g1IAC"
"00PJ0000000EnWNMA0","a06J0000000I2g2IAC"
"00PJ0000000EnWOMA0","a06J0000000I2g3IAC"
"00PJ0000000EnWPMA0","a06J0000000I2g4IAC"
"00PJ0000000EnWQMA0","a06J0000000I2g5IAC"
"00PJ0000000EnWRMA0","a06J0000000I2g6IAC"
"00PJ0000000EnWSMA0","a06J0000000I2g7IAC"
