"ID","NAME"
"00PJ0000000EnMJMA0","ELH_progress_report.dot"
"00PJ0000000EnUrMAK","123456789-a0VJ00000004FmhMAE-.pdf"
"00PJ0000000EnUwMAK","123456789-a0VJ00000004FmhMAE-.pdf"
"00PJ0000000EnV1MAK","123456789-a0VJ00000004FmhMAE-.pdf"
"00PJ0000000EnWJMA0","64-a0VJ00000004FmhMAE-.pdf"
"00PJ0000000EnWKMA0","65-a0VJ00000004FmhMAE-.pdf"
"00PJ0000000EnWLMA0","66-a0VJ00000004FmhMAE-.pdf"
"00PJ0000000EnWMMA0","67-a0VJ00000004FmhMAE-.pdf"
"00PJ0000000EnWNMA0","68-a0VJ00000004FmhMAE-.pdf"
"00PJ0000000EnWOMA0","69-a0VJ00000004FmhMAE-.pdf"
"00PJ0000000EnWPMA0","70-a0VJ00000004FmhMAE-.pdf"
"00PJ0000000EnWQMA0","71-a0VJ00000004FmhMAE-.pdf"
"00PJ0000000EnWRMA0","72-a0VJ00000004FmhMAE-.pdf"
"00PJ0000000EnWSMA0","73-a0VJ00000004FmhMAE-.pdf"
